Date,price,ret,log_ret
2021-01-04,126.0965805053711,0.0,0.0
2021-01-05,127.65560913085938,0.012363766085011996,0.012287958930819774
2021-01-06,123.35852813720703,-0.03366151337108436,-0.034241105908472395
2021-01-07,127.56793212890625,0.03412333184631766,0.03355404542048329
2021-01-08,128.66900634765625,0.008631277472126664,0.008594240959087214
2021-01-11,125.67757415771484,-0.023249050216947564,-0.023523572656283263
2021-01-12,125.50218963623047,-0.0013955116707160542,-0.0013964863039745237
2021-01-13,127.53871154785156,0.01622698311100379,0.0160967327781336
2021-01-14,125.60939025878906,-0.015127338716595329,-0.01524292405202255
2021-01-15,123.88470458984375,-0.013730547257589598,-0.01382568306989032
2021-01-19,124.55702209472656,0.00542696135982812,0.0054122884672362145
2021-01-20,128.6494598388672,0.03285593758839456,0.03232772018781358
2021-01-21,133.36553955078125,0.03665837165442376,0.03600243587149303
2021-01-22,135.50924682617188,0.016073921963734694,0.01594610434788856
2021-01-25,139.26068115234375,0.027683972968900905,0.027307700479024095
2021-01-26,139.49453735351562,0.0016792694049516665,0.0016778610085819718
2021-01-27,138.4227294921875,-0.007683511352217898,-0.007713181604427347
2021-01-28,133.57997131347656,-0.03498528165480408,-0.035611925588276826
2021-01-29,128.58128356933594,-0.037420937397942944,-0.03813907323057006
2021-02-01,130.70547485351562,0.016520221491133524,0.016385247140863955
2021-02-02,131.53370666503906,0.006336626774445797,0.0063166347651610185
2021-02-03,130.51060485839844,-0.007778248120430709,-0.007808656477473482
2021-02-04,133.87225341796875,0.02575766592467832,0.02543152579473593
2021-02-05,133.45750427246094,-0.003098096393528982,-0.003102905429300284
2021-02-08,133.60389709472656,0.0010969246207899186,0.0010963234385722915
2021-02-09,132.7256317138672,-0.0065736509185557734,-0.0065953525198723904
2021-02-10,132.12059020996094,-0.004558588240217265,-0.004569010288869575
2021-02-11,131.86688232421875,-0.0019202751466596002,-0.0019221212386940501
2021-02-12,132.10107421875,0.0017759720287877645,0.001774396855164692
2021-02-16,129.9737091064453,-0.016104071256694885,-0.016235150995484945
2021-02-17,127.68048858642578,-0.01764372607187381,-0.017801232017815763
2021-02-18,126.5777816772461,-0.008636455901664841,-0.008673966213862115
2021-02-19,126.7339096069336,0.001233454462692407,0.0012326943826884858
2021-02-22,122.95735168457031,-0.029799111651146126,-0.030252127536670063
2021-02-23,122.82071685791016,-0.0011112375534134689,-0.0011118554356485694
2021-02-24,122.32305908203125,-0.0040519041787928645,-0.004060135384759167
2021-02-25,118.068359375,-0.034782482869219256,-0.035401796690205635
2021-02-26,118.33180236816406,0.002231275123653953,0.002228789525996711
2021-03-01,124.70413970947266,0.05385143481109522,0.052451486494602705
2021-03-02,122.09860229492188,-0.020893752369576357,-0.02111511564928871
2021-03-03,119.11249542236328,-0.024456519701559154,-0.024760547591999603
2021-03-04,117.22909545898438,-0.015811942791564615,-0.015938285140815207
2021-03-05,118.48795318603516,0.01073844101689958,0.01068119342774102
2021-03-08,113.55014038085938,-0.04167354294172876,-0.04256678968808116
2021-03-09,118.1659164428711,0.04064967288045529,0.03984520358051369
2021-03-10,117.08272552490234,-0.009166695021507576,-0.009208967702475177
2021-03-11,119.01490783691406,0.016502710398561327,0.016368020485622685
2021-03-12,118.10736846923828,-0.0076254259585646356,-0.007654648168406184
2021-03-15,120.99590301513672,0.024456852974848564,0.024162572607261706
2021-03-16,122.53773498535156,0.012742844441782086,0.012662337602270651
2021-03-17,121.747314453125,-0.006450425514402114,-0.006471319407190863
2021-03-18,117.61943817138672,-0.03390527585992531,-0.0344933914609825
2021-03-19,117.09246826171875,-0.004480296096127434,-0.004490362701516681
2021-03-22,120.41038513183594,0.02833586924396503,0.027941834725712957
2021-03-23,119.58091735839844,-0.00688867303704177,-0.006912509475842039
2021-03-24,117.19007110595703,-0.019993543328286623,-0.020196118898699274
2021-03-25,117.677978515625,0.004163385217394566,0.004154742310024296
2021-03-26,118.28302001953125,0.005141501507233359,0.005128329119633779
2021-03-29,118.45867919921875,0.0014850752006374535,0.0014839735669993394
2021-03-30,117.0046615600586,-0.01227447114039526,-0.0123504246271411
2021-03-31,119.20032501220703,0.018765606625180453,0.018591704842275007
2021-04-01,120.02980041503906,0.006958667291780296,0.006934567503553851
2021-04-05,122.85977172851562,0.023577239183028675,0.023303589009993013
2021-04-06,123.16227722167969,0.0024622013284585353,0.0024591750772428684
2021-04-07,124.81148529052734,0.013390529194903245,0.013301668441602387
2021-04-08,127.21208190917969,0.019233779752435565,0.019051148685703
2021-04-09,129.788330078125,0.020251599771667683,0.02004926332182599
2021-04-12,128.07081604003906,-0.013233193131093501,-0.013321532034036191
2021-04-13,131.18377685546875,0.02430655875930765,0.024015855602311585
2021-04-14,128.84176635742188,-0.01785289731844797,-0.018014182781713763
2021-04-15,131.25209045410156,0.018707630024204835,0.018534794547750984
2021-04-16,130.9202880859375,-0.0025279777793717484,-0.002531178510587755
2021-04-19,131.58387756347656,0.005068652744664615,0.005055850366657082
2021-04-20,129.8956756591797,-0.012829853744676933,-0.012912867115542657
2021-04-21,130.27626037597656,0.0029299259953461387,0.0029256421277472086
2021-04-22,128.75392150878906,-0.011685466429524727,-0.01175427808182249
2021-04-23,131.0764617919922,0.018038598405288875,0.017877833328292073
2021-04-26,131.46678161621094,0.0029778025656364004,0.0029733776936634927
2021-04-27,131.144775390625,-0.0024493352741071783,-0.0024523398028178
2021-04-28,130.35430908203125,-0.006027432707397473,-0.006045671003583584
2021-04-29,130.25669860839844,-0.0007488089524634312,-0.0007490894499218224
2021-04-30,128.2855224609375,-0.015133011726230272,-0.015248684213916265
2021-05-03,129.33941650390625,0.008215221973232767,0.008181660720670312
2021-05-04,124.76268005371094,-0.035385473152007685,-0.03602671148970132
2021-05-05,125.00665283203125,0.001955494850024664,0.0019535853588985687
2021-05-06,126.60706329345703,0.012802602302904864,0.012721341818874287
2021-05-07,127.28156280517578,0.005327503017389823,0.00531336207489799
2021-05-10,123.99710083007812,-0.025804695532573252,-0.02614347750693276
2021-05-11,123.07823181152344,-0.007410407278907849,-0.007438000750686303
2021-05-12,120.00885009765625,-0.024938461242825616,-0.025254693302038327
2021-05-13,122.15937042236328,0.017919681114826558,0.01776101630724233
2021-05-14,124.58360290527344,0.019844834452964477,0.01965049263896064
2021-05-17,123.4301528930664,-0.009258441603138157,-0.009301567364886984
2021-05-18,122.04208374023438,-0.01124578654645747,-0.011309498515125548
2021-05-19,121.88568115234375,-0.0012815463575951425,-0.0012823682403907857
2021-05-20,124.44673919677734,0.021011968101753986,0.02079426105482022
2021-05-21,122.60902404785156,-0.014767081570694729,-0.01487720035312453
2021-05-24,124.24144744873047,0.01331405590702528,0.013226202793104422
2021-05-25,124.04598236083984,-0.0015732679544906425,-0.0015745068400887983
2021-05-26,123.99710083007812,-0.0003940597658336209,-0.00039413742778611596
2021-05-27,122.46239471435547,-0.012376951601681174,-0.012454183996558435
2021-05-28,121.80746459960938,-0.005348010026047012,-0.005362361823574053
2021-06-01,121.48489379882812,-0.0026482022414764383,-0.0026517149319460168
2021-06-02,122.24734497070312,0.006276098599860225,0.0062564859110464605
2021-06-03,120.76155090332031,-0.012153998663438359,-0.012228462475667626
2021-06-04,123.05867004394531,0.0190219413666195,0.018843286262569463
2021-06-07,123.0684585571289,7.954346638161525e-05,7.954030296784473e-05
2021-06-08,123.88957214355469,0.006672006751791804,0.0066498474249215836
2021-06-09,124.27079010009766,0.003077078643077824,0.0030723541259160855
2021-06-10,123.27372741699219,-0.008023306863200519,-0.008055666795046624
2021-06-11,124.48584747314453,0.009832752538196265,0.009784725595033916
2021-06-14,127.54541015625,0.02457759452346986,0.02428042474870175
2021-06-15,126.72433471679688,-0.006437514595368565,-0.006458324750981647
2021-06-16,127.22285461425781,0.003933892401763561,0.003926174880360516
2021-06-17,128.8259735107422,0.012600871921519596,0.012522141625313265
2021-06-18,127.5259017944336,-0.01009168943869998,-0.010142955737236899
2021-06-21,129.3245391845703,0.014104094657068522,0.01400555735280601
2021-06-22,130.9667510986328,0.012698378238322983,0.012618429931222653
2021-06-23,130.69305419921875,-0.002089819722319697,-0.0020920064426542735
2021-06-24,130.4095458984375,-0.0021692683097687127,-0.0021716245804742212
2021-06-25,130.1162872314453,-0.0022487515386379053,-0.0022512837773418794
2021-06-28,131.74874877929688,0.012546173754157453,0.012468122666549513
2021-06-29,133.26390075683594,0.011500313980796983,0.011434688036684609
2021-06-30,133.8797607421875,0.004621356435268398,0.004610710753344587
2021-07-01,134.18276977539062,0.002263292311872611,0.0022607349238456488
2021-07-02,136.81224060058594,0.01959618831536125,0.01940665510106735
2021-07-06,138.825927734375,0.014718618194901723,0.014611350606927049
2021-07-07,141.3185577392578,0.01795507543556374,0.017795786934096332
2021-07-08,140.0184783935547,-0.009199636385349041,-0.009242214376032037
2021-07-09,141.846435546875,0.013055113684226738,0.012970630187585335
2021-07-12,141.25015258789062,-0.004203721839646235,-0.0042125823183422175
2021-07-13,142.36448669433594,0.007889082496756572,0.007858126389040774
2021-07-14,145.79551696777344,0.024100324126508532,0.023814494598090187
2021-07-15,145.14060974121094,-0.0044919572301201915,-0.004502076384575465
2021-07-16,143.09759521484375,-0.014076105440165465,-0.014176113403290244
2021-07-19,139.24620056152344,-0.026914461053925476,-0.02728328807432325
2021-07-20,142.8629913330078,0.025974071514334396,0.025642475000725883
2021-07-21,142.12985229492188,-0.005131763175650006,-0.0051449758947095855
2021-07-22,143.4984130859375,0.009628946832195728,0.009582883978769543
2021-07-23,145.2187957763672,0.011988862130478006,0.011917565004786622
2021-07-26,145.63917541503906,0.0028948018500252193,0.0028906199796632738
2021-07-27,143.4690704345703,-0.014900558000856767,-0.015012686561489085
2021-07-28,141.7193145751953,-0.01219604932320928,-0.012271031413281718
2021-07-29,142.36448669433594,0.004552464292355118,0.004542133169633756
2021-07-30,142.57957458496094,0.0015108254566800206,0.0015096853081322445
2021-08-02,142.24717712402344,-0.0023313119141018523,-0.0023340336526928448
2021-08-03,144.04580688476562,0.012644396866828389,0.012565124019580537
2021-08-04,143.64501953125,-0.0027823604323050644,-0.0027862383920174657
2021-08-05,143.75254821777344,0.0007485723269371469,0.0007482922864178265
2021-08-06,143.06729125976562,-0.004766920423349363,-0.004778318425181524
2021-08-09,143.01837158203125,-0.0003419347448575527,-0.00034199321787210655
2021-08-10,142.53863525390625,-0.003354368552922815,-0.003360007059734804
2021-08-11,142.79318237304688,0.001785811395536241,0.0017842187302173683
2021-08-12,145.75946044921875,0.020773247201834044,0.020560425586507065
2021-08-13,145.96507263183594,0.001410626672076809,0.0014096326729374849
2021-08-16,147.9425506591797,0.013547611025628736,0.013456662644852091
2021-08-17,147.03213500976562,-0.0061538458364924775,-0.00617285878776223
2021-08-18,143.2826385498047,-0.025501203935533567,-0.02583199547451874
2021-08-19,143.61549377441406,0.0023230673860998863,0.002320373236713345
2021-08-20,145.0741729736328,0.010156837266527718,0.010105603220094841
2021-08-23,146.5622100830078,0.01025707800964315,0.010204831148035517
2021-08-24,146.4740753173828,-0.0006013471383591318,-0.0006015280200683054
2021-08-25,145.24058532714844,-0.008421217116828528,-0.00845687590038913
2021-08-26,144.43783569335938,-0.00552703386578135,-0.005542364431924999
2021-08-27,145.4755859375,0.007184753490378837,0.0071590661139460535
2021-08-30,149.90054321289062,0.030417181322037745,0.029963750648615013
2021-08-31,148.63766479492188,-0.008424775460454392,-0.008460464470527961
2021-09-01,149.30332946777344,0.004478438717198552,0.004468440350793413
2021-09-02,150.4193878173828,0.007475106908786389,0.007447306750616407
2021-09-03,151.05569458007812,0.0042302177394035745,0.0042212955214419035
2021-09-07,153.3954620361328,0.015489435618822878,0.015370698851567874
2021-09-08,151.84866333007812,-0.010083731849188204,-0.01013491705583312
2021-09-09,150.8305206298828,-0.00670498296045019,-0.0067275623448889085
2021-09-10,145.83778381347656,-0.033101634838599625,-0.03366189229828389
2021-09-13,146.4055938720703,0.003893435869266604,0.0038858760638908045
2021-09-14,145.005615234375,-0.009562330240732608,-0.009608342880861433
2021-09-15,145.89649963378906,0.00614379241779095,0.006124996272278286
2021-09-16,145.66156005859375,-0.0016103167367622628,-0.001611614690356689
2021-09-17,142.98895263671875,-0.01834806259661037,-0.018518476020022753
2021-09-20,139.93458557128906,-0.02136086046584096,-0.021592305490409865
2021-09-21,140.4142608642578,0.003427853743307674,0.003421992044210249
2021-09-22,142.7834014892578,0.016872507182801755,0.016731747539163955
2021-09-23,143.7427978515625,0.00671924293929127,0.006696769440218293
2021-09-24,143.8308868408203,0.0006128236723816904,0.000612635972635625
2021-09-27,142.3134765625,-0.01054996121938434,-0.010606006593111608
2021-09-28,138.92623901367188,-0.023801242374544507,-0.024089068193846205
2021-09-29,139.8268280029297,0.006482497443619506,0.00646157642203816
2021-09-30,138.52484130859375,-0.00931142265709306,-0.009355044954645907
2021-10-01,139.65066528320312,0.00812723525956871,0.008094387139335666
2021-10-04,136.21446228027344,-0.024605704498158132,-0.024913484091297806
2021-10-05,138.14303588867188,0.014158361572725209,0.014059068095957574
2021-10-06,139.01434326171875,0.006307284094646981,0.006287476423099184
2021-10-07,140.27719116210938,0.009084299294304321,0.009043285249577324
2021-10-08,139.89535522460938,-0.0027220101453181433,-0.0027257215514538014
2021-10-11,139.80731201171875,-0.0006293505080942063,-0.0006295486322559479
2021-10-12,138.53463745117188,-0.009103061508257904,-0.009144747545891087
2021-10-13,137.94728088378906,-0.004239781315267366,-0.004248794673534948
2021-10-14,140.7373504638672,0.020225622152194145,0.020023801023893107
2021-10-15,141.7946014404297,0.007512227373030811,0.00748415111545888
2021-10-18,143.46865844726562,0.011806211166221603,0.01173706158607359
2021-10-19,145.6322021484375,0.015080253238494823,0.014967676598146138
2021-10-20,146.12168884277344,0.003361115791114866,0.003355479866566683
2021-10-21,146.33700561523438,0.0014735442367670437,0.001472459635799127
2021-10-22,145.563720703125,-0.00528427453369229,-0.00529828569337263
2021-10-25,145.5146942138672,-0.0003368043151205091,-0.0003368610464324424
2021-10-26,146.18045043945312,0.004575182109151532,0.004564747777359723
2021-10-27,145.72030639648438,-0.0031477809897660913,-0.003152745673574925
2021-10-28,149.36209106445312,0.0249916072648102,0.024684424522517852
2021-10-29,146.65029907226562,-0.018155825034729234,-0.0183226645169753
2021-11-01,145.82798767089844,-0.005607294404234242,-0.005623074295479181
2021-11-02,146.86573791503906,0.0071162625276197655,0.007091061419274486
2021-11-03,148.30479431152344,0.009798448684586125,0.009750755181432988
2021-11-04,147.7859344482422,-0.0034986047867835435,-0.0035047392166536948
2021-11-05,148.31532287597656,0.0035821299889657876,0.003575729441843998
2021-11-08,147.4918212890625,-0.005552370253764538,-0.005567841957812194
2021-11-09,147.85452270507812,0.0024591290069215788,0.0024561102971036447
2021-11-10,145.02120971679688,-0.019162842883966413,-0.019348830019386663
2021-11-11,144.97216796875,-0.0003381694866747553,-0.0003382266788697478
2021-11-12,147.0506591796875,0.01433717409389601,0.014235368727129721
2021-11-15,147.0604705810547,6.672123349815706e-05,6.67190077356605e-05
2021-11-16,148.0408172607422,0.006666282759833608,0.006644161354192159
2021-11-17,150.4820556640625,0.016490306176982328,0.016355817569549666
2021-11-18,154.77621459960938,0.02853601990348409,0.028136451280304266
2021-11-19,157.4036865234375,0.016975941236353043,0.016833460185178322
2021-11-22,157.86447143554688,0.0029274086413519917,0.002923132124716904
2021-11-23,158.24685668945312,0.0024222375714371136,0.002419308682700305
2021-11-24,158.76646423339844,0.0032835252138057047,0.0032781462163903635
2021-11-26,153.73695373535156,-0.03167867044423889,-0.032191294769027795
2021-11-29,157.09976196289062,0.021873779503449375,0.02163798073305475
2021-11-30,162.06063842773438,0.03157787384818311,0.031089546412116087
2021-12-01,161.541015625,-0.0032063479927982863,-0.0032114993408138854
2021-12-02,160.55076599121094,-0.006130019858782032,-0.006148885568145617
2021-12-03,158.6684112548828,-0.011724358490019071,-0.011793630761998368
2021-12-06,162.08021545410156,0.02150273121307089,0.021274808999885892
2021-12-07,167.82534790039062,0.035446229079797664,0.03483247301106313
2021-12-08,171.64894104003906,0.022783168260839037,0.022527507769213535
2021-12-09,171.1391143798828,-0.0029701707279238265,-0.002974590438700283
2021-12-10,175.93331909179688,0.028013494923622373,0.02762829430441967
2021-12-13,172.29603576660156,-0.020674215344607227,-0.020890918922244303
2021-12-14,170.91363525390625,-0.008023402898067578,-0.008055763606667675
2021-12-15,175.78627014160156,0.028509339705147685,0.028110510969155292
2021-12-16,168.8842010498047,-0.039263982825490484,-0.04005560371594512
2021-12-17,167.78614807128906,-0.006501809948414317,-0.006523038781974614
2021-12-20,166.4233856201172,-0.00812202000485085,-0.008155183300029277
2021-12-21,169.59991455078125,0.019087034666599667,0.018907162434813198
2021-12-22,172.19793701171875,0.015318536379094638,0.01520239220466858
2021-12-23,172.825439453125,0.00364407641749831,0.0036374528573259947
2021-12-27,176.79603576660156,0.022974605625426525,0.02271466322582716
2021-12-28,175.77645874023438,-0.005766967692155678,-0.005783660860584086
2021-12-29,175.86468505859375,0.0005019234031204967,0.0005017974817027057
2021-12-30,174.70777893066406,-0.006578387966545085,-0.006600120924986451
2021-12-31,174.0901336669922,-0.0035353048813985266,-0.0035415688393925556
2022-01-03,178.44313049316406,0.02500427068715161,0.024696779105741914
2022-01-04,176.17837524414062,-0.012691748025067229,-0.012772976276565932
2022-01-05,171.4920654296875,-0.02659980152478436,-0.026959977683876812
2022-01-06,168.6292724609375,-0.016693442705801198,-0.016834348557427187
2022-01-07,168.7959747314453,0.0009885725537150947,0.000988084237665513
2022-01-10,168.81558227539062,0.0001161612057190009,0.00011615445952856921
2022-01-11,171.64894104003906,0.016783751395806235,0.016644460627546053
2022-01-12,172.09014892578125,0.0025704084340332223,0.0025671105842793914
2022-01-13,168.81558227539062,-0.019028205105469875,-0.01921157121182547
2022-01-14,169.6783447265625,0.005110680184513106,0.005097664984055793
2022-01-18,166.47244262695312,-0.01889399678418424,-0.019074768969198602
2022-01-19,162.9723663330078,-0.021024959078594252,-0.021249131238918605
2022-01-20,161.2860870361328,-0.010347025908854723,-0.010400928524995905
2022-01-21,159.22723388671875,-0.012765224745968418,-0.012847400302704497
2022-01-24,158.4526824951172,-0.004864440414462101,-0.004876310313992455
2022-01-25,156.64878845214844,-0.011384433602279587,-0.01144973233225181
2022-01-26,156.56053161621094,-0.000563405799748451,-0.0005635645724344816
2022-01-27,156.09974670410156,-0.0029431741662638844,-0.002947513820347247
2022-01-28,166.9920196533203,0.0697776465317772,0.06745081989930518
2022-01-31,171.3548126220703,0.026125757253593784,0.025790309660043326
2022-02-01,171.18817138671875,-0.0009724922971325878,-0.0009729654745657257
2022-02-02,172.39401245117188,0.0070439508447641686,0.007019258111467515
2022-02-03,169.51165771484375,-0.01671957567055593,-0.016860925530630472
2022-02-04,169.2270050048828,-0.0016792515264041352,-0.0016806630496716628
2022-02-07,168.51039123535156,-0.004234630102391557,-0.004243621541032555
2022-02-08,171.6221923828125,0.01846652378318203,0.01829808798862058
2022-02-09,173.04562377929688,0.00829398212854282,0.008259776064939406
2022-02-10,168.9619598388672,-0.02359877037767799,-0.02388168112131264
2022-02-11,165.5458221435547,-0.020218383466730327,-0.020425572422275905
2022-02-14,165.78138732910156,0.0014229606189795074,0.0014219491699056994
2022-02-15,169.61965942382812,0.02315261174106964,0.02288865643072797
2022-02-16,169.38406372070312,-0.0013889646042520853,-0.001389930109726863
2022-02-17,165.78138732910156,-0.02126927594287742,-0.021498726321001034
2022-02-18,164.23037719726562,-0.009355755533381749,-0.009399795514277377
2022-02-22,161.30508422851562,-0.017812130853455233,-0.01797267614910451
2022-02-23,157.13307189941406,-0.02586410929981109,-0.026204466898678492
2022-02-24,159.7540740966797,0.01668014355974279,0.01654255782375384
2022-02-25,161.82534790039062,0.012965389555307683,0.01288205839985244
2022-02-28,162.09036254882812,0.0016376584501498481,0.0016363189497801682
2022-03-01,160.20559692382812,-0.011627869759574638,-0.011696002108173386
2022-03-02,163.5039520263672,0.020588263867630685,0.02037919033375384
2022-03-03,163.1800079345703,-0.001981261540055179,-0.001983226834971425
2022-03-04,160.1761474609375,-0.018408262823698673,-0.018579803330418962
2022-03-07,156.3771514892578,-0.023717613589165354,-0.02400340407802544
2022-03-08,154.55125427246094,-0.01167624041880766,-0.011744943029730157
2022-03-09,159.96018981933594,0.03499768133450076,0.03439918645830201
2022-03-10,155.6114959716797,-0.027186100820259074,-0.02756248006418241
2022-03-11,151.89105224609375,-0.023908540319302896,-0.024198988270190673
2022-03-14,147.85643005371094,-0.026562606109581277,-0.026921766571297655
2022-03-15,152.24440002441406,0.029677234660062668,0.02924538872495266
2022-03-16,156.66184997558594,0.029015516829935972,0.02860253626196498
2022-03-17,157.67294311523438,0.0064539844244531075,0.006433246646682462
2022-03-18,160.97129821777344,0.02091896705529539,0.02070316977947721
2022-03-21,162.3456268310547,0.008537724603686625,0.008501484359703779
2022-03-22,165.72250366210938,0.020800540778156185,0.0205871633674136
2022-03-23,167.08700561523438,0.008233655194511691,0.008199943575731164
2022-03-24,170.8761749267578,0.022677821638919626,0.022424502507775897
2022-03-25,171.51425170898438,0.003734147153633627,0.003727192533823558
2022-03-28,172.37811279296875,0.005036672319511437,0.005024030715460591
2022-03-29,175.67645263671875,0.019134330863172844,0.018953571718300786
2022-03-30,174.50828552246094,-0.0066495372414734355,-0.006671743911700934
2022-03-31,171.40628051757812,-0.017775688962823222,-0.017935574067368502
2022-04-01,171.11175537109375,-0.0017182867838624327,-0.0017197647318665603
2022-04-04,175.16598510742188,0.02369346119754101,0.023417127502597418
2022-04-05,171.84800720214844,-0.018941907604028585,-0.019123603641039776
2022-04-06,168.67724609375,-0.018450962335970544,-0.018623304553383555
2022-04-07,168.9815673828125,0.0018041632532543872,0.0018025377056074068
2022-04-08,166.9691925048828,-0.011908842538848274,-0.011980320853595803
2022-04-11,162.7088165283203,-0.025515940471700582,-0.025847117758560398
2022-04-12,164.58377075195312,0.011523372019035305,0.011457483655340873
2022-04-13,167.2735137939453,0.016342699099086477,0.016210594545550974
2022-04-14,162.2572784423828,-0.029988222509283347,-0.030447065815412053
2022-04-18,162.04129028320312,-0.001331146197280697,-0.0013320329594073428
2022-04-19,164.3285675048828,0.014115397487159953,0.01401670292174993
2022-04-20,164.16163635253906,-0.0010158376895653687,-0.0010163540023607534
2022-04-21,163.3665008544922,-0.004843613378337164,-0.004855381689761838
2022-04-22,158.82144165039062,-0.02782124352500992,-0.028215585591836498
2022-04-25,159.89149475097656,0.0067374599390768175,0.006714864688812417
2022-04-26,153.9230194091797,-0.03732828535434296,-0.03804282390578967
2022-04-27,153.69725036621094,-0.001466765944660775,-0.0014678426988553692
2022-04-28,160.6375274658203,0.04515550592527151,0.04416568384360678
2022-04-29,154.7574005126953,-0.03660493936808229,-0.037291711816060696
2022-05-02,155.06175231933594,0.0019666381422298596,0.001964706841137673
2022-05-03,156.55386352539062,0.0096226902104255,0.009576687007916113
2022-05-04,162.97386169433594,0.041008238470614966,0.04018970359826461
2022-05-05,153.8936004638672,-0.055716058612510166,-0.05732837269538274
2022-05-06,154.62107849121094,0.0047271493106340046,0.004716011426832374
2022-05-09,149.48931884765625,-0.033189263026944915,-0.03375252453278964
2022-05-10,151.8978729248047,0.016111880739807072,0.01598346193204872
2022-05-11,144.0233154296875,-0.051841130777488864,-0.053233207199623045
2022-05-12,140.14991760253906,-0.02689424150244224,-0.027262509488466327
2022-05-13,144.6230010986328,0.03191641902194542,0.03141767445973861
2022-05-16,143.0795135498047,-0.010672490109477573,-0.010729849609555898
2022-05-17,146.71697998046875,0.025422692182958118,0.02510491020154929
2022-05-18,138.43934631347656,-0.05641905707229067,-0.05807312778682486
2022-05-19,135.02801513671875,-0.024641341263150207,-0.02495002051167703
2022-05-20,135.26393127441406,0.0017471643751589827,0.0017456398589440515
2022-05-23,140.6906280517578,0.04011931877341679,0.03933543616216909
2022-05-24,137.9871063232422,-0.019216075483869832,-0.019403104109744822
2022-05-25,138.14442443847656,0.0011400928639364594,0.001139443451613963
2022-05-26,141.3492889404297,0.02319937641334513,0.022934361834836683
2022-05-27,147.11021423339844,0.04075666270522693,0.03994800890308495
2022-05-31,146.32376098632812,-0.005346013879244049,-0.005360354945972567
2022-06-01,146.19595336914062,-0.0008734577099849261,-0.0008738393964446648
2022-06-02,148.65367126464844,0.016811121230573045,0.016671378314187458
2022-06-03,142.92225646972656,-0.03855548770617456,-0.03931842514136367
2022-06-06,143.66940307617188,0.00522764350983751,0.005214026816368115
2022-06-07,146.19595336914062,0.01758586197806644,0.01743302001080816
2022-06-08,145.4586181640625,-0.00504347205299438,-0.005056233283524209
2022-06-09,140.2285614013672,-0.035955633490181715,-0.036617962080199434
2022-06-10,134.8117218017578,-0.03862864701367863,-0.03939452115124208
2022-06-13,129.6504669189453,-0.038284911829864376,-0.039037038325594214
2022-06-14,130.51559448242188,0.006672768591087452,0.006650604214622959
2022-06-15,133.14047241210938,0.020111603828621538,0.0199120368289949
2022-06-16,127.86124420166016,-0.03965156585976681,-0.040459108142072556
2022-06-17,129.33587646484375,0.011533066742709153,0.011467067889856698
2022-06-21,133.572998046875,0.03276060516111312,0.03223541609808914
2022-06-22,133.06179809570312,-0.0038271204408579784,-0.0038344626051771383
2022-06-23,135.9324493408203,0.021573819730382082,0.021344398675619825
2022-06-24,139.26515197753906,0.024517344113786477,0.0242216178983556
2022-06-27,139.26515197753906,0.0,0.0
2022-06-28,135.1165008544922,-0.029789585292061993,-0.03024230862964844
2022-06-29,136.87620544433594,0.013023609838288985,0.012939531844194689
2022-06-30,134.40863037109375,-0.018027786971678506,-0.018192267333190754
2022-07-01,136.58126831054688,0.01616442287563391,0.01603516960166537
2022-07-05,139.16683959960938,0.018930643426034344,0.01875368855423463
2022-07-06,140.5038299560547,0.00960710439564405,0.009561249622014425
2022-07-07,143.87586975097656,0.023999629020622137,0.02371616433270172
2022-07-08,144.55418395996094,0.004714579381229322,0.004703500559534889
2022-07-11,142.4208526611328,-0.014758004510052936,-0.014867987284155483
2022-07-12,143.39414978027344,0.00683395093453365,0.006810705337929329
2022-07-13,143.03041076660156,-0.002536637751465065,-0.0025398604680694765
2022-07-14,145.96002197265625,0.020482435800560417,0.020275491753217353
2022-07-15,147.63124084472656,0.011449839822464503,0.011384786502286384
2022-07-18,144.5836944580078,-0.020642963977550388,-0.020859008327297975
2022-07-19,148.4472198486328,0.026721722702604644,0.026370932888580886
2022-07-20,150.45274353027344,0.013510011731345362,0.0134195652344326
2022-07-21,152.72373962402344,0.015094414634539755,0.01498162751209385
2022-07-22,151.48500061035156,-0.008110978795578316,-0.008144051741468246
2022-07-25,150.36427307128906,-0.007398273984532855,-0.007425776947105632
2022-07-26,149.03707885742188,-0.008826526320104944,-0.008865710849465896
2022-07-27,154.13937377929688,0.034235070634712095,0.03366209128755265
2022-07-28,154.6898956298828,0.00357158483966713,0.003565221876607865
2022-07-29,159.76266479492188,0.03279315138447281,0.032266929413353136
2022-08-01,158.77952575683594,-0.006153747118251562,-0.006172759458267823
2022-08-02,157.30491638183594,-0.009287150644714082,-0.009330545111198596
2022-08-03,163.32144165039062,0.03824753483197174,0.037534229176734685
2022-08-04,163.00686645507812,-0.0019261108163978191,-0.0019279681531771831
2022-08-05,162.78045654296875,-0.0013889593551065227,-0.0013899248532802959
2022-08-08,162.30787658691406,-0.0029031737967263327,-0.0029073961799617565
2022-08-09,162.3571319580078,0.0003034687664549285,0.00030342272912251445
2022-08-10,166.61001586914062,0.026194623296454722,0.025857420081534466
2022-08-11,165.87164306640625,-0.004431743187122139,-0.004441592471398428
2022-08-12,169.425537109375,0.021425567247476796,0.02119926648996135
2022-08-15,170.49859619140625,0.006333514417832475,0.0063135420014243035
2022-08-16,170.34109497070312,-0.0009237684310685612,-0.0009241953680732156
2022-08-17,171.8374786376953,0.008784631020773537,0.008746270640519443
2022-08-18,171.4436798095703,-0.0022916934725008,-0.0022943234207785644
2022-08-19,168.85455322265625,-0.015101907458997088,-0.01521710251157143
2022-08-22,164.9659423828125,-0.023029351389275976,-0.023298669754274845
2022-08-23,164.63119506835938,-0.0020291904475429057,-0.002031252043865596
2022-08-24,164.9265899658203,0.0017942826530432665,0.0017926748508708317
2022-08-25,167.38772583007812,0.014922614144680102,0.014812367365174663
2022-08-26,161.07733154296875,-0.03769926531838608,-0.03842826315585852
2022-08-29,158.87216186523438,-0.013690130427484348,-0.013784704408445694
2022-08-30,156.44052124023438,-0.015305643206785846,-0.01542398363419584
2022-08-31,154.7768096923828,-0.01063478652884775,-0.010691740023171682
2022-09-01,155.50527954101562,0.004706582659770753,0.004695541330668712
2022-09-02,153.388671875,-0.013611162735200577,-0.013704643837561502
2022-09-06,152.12857055664062,-0.008215087222257611,-0.008249017003138934
2022-09-07,153.53634643554688,0.009253855957202406,0.009211301360114391
2022-09-08,152.05966186523438,-0.009617817569551157,-0.009664367489835058
2022-09-09,154.9244842529297,0.0188401207299429,0.01866484372659919
2022-09-12,160.89027404785156,0.03850772732076435,0.037784805154459006
2022-09-13,151.4492950439453,-0.058679612921153534,-0.06047172223489727
2022-09-14,152.89646911621094,0.009555502201880284,0.009510137152313974
2022-09-15,150.00213623046875,-0.018930017824952627,-0.019111484371935793
2022-09-16,148.3581085205078,-0.010960028645425335,-0.01102053224632413
2022-09-19,152.079345703125,0.02508280281898312,0.024773392565613755
2022-09-20,154.46176147460938,0.01566561034616165,0.015544171308168913
2022-09-21,151.33120727539062,-0.020267502903839163,-0.020475706725241596
2022-09-22,150.36639404296875,-0.006375507403876823,-0.00639591774832078
2022-09-23,148.09226989746094,-0.015123885626052602,-0.015239417929226177
2022-09-26,148.42703247070312,0.0022604999806807857,0.0022579488943631713
2022-09-27,149.40162658691406,0.006566149709981595,0.006544686451722262
2022-09-28,147.511474609375,-0.012651481919706331,-0.012732193386114189
2022-09-29,140.26583862304688,-0.04911913466742357,-0.050366497330782724
2022-09-30,136.05235290527344,-0.030039286537164922,-0.03049970988962598
2022-10-03,140.23631286621094,0.030752573341018108,0.03028918917320205
2022-10-04,143.82957458496094,0.025622904975960648,0.02530014017977677
2022-10-05,144.12493896484375,0.002053571949546029,0.002051466252976857
2022-10-06,143.1699981689453,-0.006625784564122994,-0.006647832518630445
2022-10-07,137.9129638671875,-0.036718826353230316,-0.037409933013015775
2022-10-10,138.23785400390625,0.0023557621242309423,0.0023529916668106397
2022-10-11,136.82022094726562,-0.010255027950597184,-0.010307973029610895
2022-10-12,136.19017028808594,-0.004604952797309991,-0.00461558825552513
2022-10-13,140.7679443359375,0.033613101725095795,0.033060529783486496
2022-10-14,136.22958374023438,-0.032240014707272335,-0.032771171527775436
2022-10-17,140.19691467285156,0.029122389011935867,0.02870638953806723
2022-10-18,141.51609802246094,0.009409503430854338,0.009365509810212341
2022-10-19,141.6243896484375,0.000765224787072416,0.0007649321518633353
2022-10-20,141.16171264648438,-0.0032669302448656845,-0.003272278312497286
2022-10-21,144.9813995361328,0.027058944086447934,0.02669932373608168
2022-10-24,147.12753295898438,0.01480281904932701,0.014694326675007344
2022-10-25,149.9726104736328,0.019337492156832337,0.019152898775008552
2022-10-26,147.02906799316406,-0.019627200401277745,-0.01982237190040643
2022-10-27,142.54978942871094,-0.030465258506987114,-0.030938970497928008
2022-10-28,153.31979370117188,0.07555257931718673,0.072834556784665
2022-10-31,150.95706176757812,-0.015410482081647192,-0.01553045774522338
2022-11-01,148.30889892578125,-0.017542490631369922,-0.01769818363587332
2022-11-02,142.7761993408203,-0.03730524348191466,-0.03801888885469732
2022-11-03,136.72178649902344,-0.04240491671405555,-0.04333025916472894
2022-11-04,136.45555114746094,-0.0019472781798708372,-0.0019491765909156768
2022-11-07,136.98800659179688,0.0039020431184990656,0.003894449894564887
2022-11-08,137.5599822998047,0.0041753706929410495,0.004166678021080365
2022-11-09,132.99435424804688,-0.033190088973748644,-0.03375337883355911
2022-11-10,144.82748413085938,0.0889746782840315,0.08523659141605144
2022-11-11,147.61810302734375,0.019268572627850755,0.01908528440831126
2022-11-14,146.2178955078125,-0.009485337440435004,-0.009530609763228818
2022-11-15,147.95339965820312,0.01186930056928559,0.011799412889648263
2022-11-16,146.7207489013672,-0.008331344596903878,-0.008366244224027227
2022-11-17,148.62396240234375,0.01297167248141573,0.012888260888790325
2022-11-18,149.18600463867188,0.0037816394290888233,0.003774507006547979
2022-11-21,145.95162963867188,-0.02168015027839676,-0.02191861770966632
2022-11-22,148.09141540527344,0.014660924115057705,0.014554491770364728
2022-11-23,148.96905517578125,0.005926337918413571,0.005908846251515658
2022-11-25,146.0502166748047,-0.01959358940373468,-0.019788088593676534
2022-11-28,142.21432495117188,-0.026264197417616986,-0.026615262049932004
2022-11-29,139.20675659179688,-0.021148139334118632,-0.02137496489212569
2022-11-30,145.97132873535156,0.04859370557271725,0.04744993844203387
2022-12-01,146.2474365234375,0.0018915206875078638,0.0018897340149162298
2022-12-02,145.75440979003906,-0.0033711820536383996,-0.0033768772912486826
2022-12-05,144.5908203125,-0.007983219713319278,-0.008015256228758295
2022-12-06,140.92257690429688,-0.02536982223542994,-0.025697184795423957
2022-12-07,138.9799346923828,-0.013785173778317672,-0.013881071618559237
2022-12-08,140.6661376953125,0.012132708269448456,0.01205969692148191
2022-12-09,140.18299865722656,-0.003434650627377245,-0.003440562580721175
2022-12-12,142.48057556152344,0.016389839897168024,0.016256976248195706
2022-12-13,143.4469451904297,0.006782465785934333,0.006759568340651179
2022-12-14,141.21841430664062,-0.015535575754719866,-0.01565751741643128
2022-12-15,134.6016845703125,-0.04685458174003143,-0.047987796979129395
2022-12-16,132.6393585205078,-0.01457876293353233,-0.014686077382906284
2022-12-19,130.5291290283203,-0.015909527275504987,-0.016037442330751786
2022-12-20,130.46011352539062,-0.0005287364088265578,-0.0005288762392126837
2022-12-21,133.56629943847656,0.023809468113650034,0.02353044300957174
2022-12-22,130.3910675048828,-0.023772702747195007,-0.024059833153389516
2022-12-23,130.0262451171875,-0.002797909355881645,-0.0028018308205733588
2022-12-27,128.22166442871094,-0.01387858802544184,-0.013975796083267595
2022-12-28,124.28715515136719,-0.030685214506252723,-0.03116586381496749
2022-12-29,127.80752563476562,0.02832449161066597,0.027930770542714412
2022-12-30,128.123046875,0.0024687219212429223,0.002465679633293948
