Price,Close,Close,High,High,Low,Low,Open,Open,Volume,Volume
Ticker,AAPL,^GSPC,AAPL,^GSPC,AAPL,^GSPC,AAPL,^GSPC,AAPL,^GSPC
Date,,,,,,,,,,
2022-01-03,178.44308471679688,4796.56005859375,179.2960452129802,4796.64013671875,174.22736520039913,4758.169921875,174.34500873376612,4778.14013671875,104487900,3831020000
2022-01-04,176.17840576171875,4793.5400390625,179.35491668068815,4818.6201171875,175.60977025994117,4774.27001953125,179.05099416209845,4804.509765625,99310400,4683170000
2022-01-05,171.49205017089844,4700.580078125,176.6391646965208,4797.7001953125,171.21753859297928,4699.43994140625,176.09014154068254,4787.990234375,94537600,4887960000
2022-01-06,168.6293182373047,4696.0498046875,171.86465117218228,4725.009765625,168.27637255423144,4671.259765625,169.31559735445745,4693.39013671875,96904000,4295280000
2022-01-07,168.79595947265625,4677.02978515625,170.72735431349597,4707.9501953125,167.6783008049415,4662.740234375,169.50185073224034,4697.66015625,86709100,4181510000
2022-01-10,168.81558227539062,4670.2900390625,169.1195047889858,4673.02001953125,164.87435832287932,4582.240234375,165.76652857616685,4655.33984375,106765600,4511810000
2022-01-11,171.64891052246094,4713.06982421875,171.74694181889706,4714.1298828125,167.4724003083723,4638.27001953125,168.94300439273908,4669.14013671875,76138300,4101590000
2022-01-12,172.090087890625,4726.35009765625,173.70774639139225,4748.830078125,171.39401033832232,4706.7099609375,172.6685219038925,4728.58984375,74805200,4048220000
2022-01-13,168.81558227539062,4659.02978515625,173.15876005827155,4744.1298828125,168.42341212900857,4650.2900390625,172.3352251905114,4733.56005859375,84505800,4251730000
2022-01-14,169.6783447265625,4662.85009765625,170.37442243944997,4665.1298828125,167.73713612609606,4614.75,167.9822368621362,4637.990234375,80440800,4338490000
2022-01-18,166.47242736816406,4577.10986328125,169.1587219328493,4632.240234375,166.0900708080933,4568.7001953125,168.14890807010434,4632.240234375,90956700,4748700000
2022-01-19,162.97238159179688,4532.759765625,167.72734198246087,4611.5498046875,162.68807131265714,4530.2001953125,166.66850497918634,4588.02978515625,94815000,4465740000
2022-01-20,161.28607177734375,4482.72998046875,166.3547528521012,4602.10986328125,160.9625370330281,4477.9501953125,163.70766807832655,4547.35009765625,91420500,4640870000
2022-01-21,159.22723388671875,4397.93994140625,163.0704113462842,4494.52001953125,159.1193889725066,4395.33984375,161.19783827212862,4471.3798828125,122848900,5589100000
2022-01-24,158.45269775390625,4410.1298828125,159.11937944541725,4417.35009765625,151.6683120872291,4222.6201171875,156.88406222991276,4356.31982421875,162294600,6928110000
2022-01-25,156.64874267578125,4356.4501953125,159.5703385417507,4411.009765625,153.94283660123486,4287.10986328125,155.8644175214936,4366.64013671875,115798400,5145050000
2022-01-26,156.560546875,4349.93017578125,161.1684376714049,4453.22998046875,154.72719817611775,4304.7998046875,160.29587965880856,4408.43017578125,108275300,5570640000
2022-01-27,156.09971618652344,4326.509765625,160.62917178912974,4428.740234375,155.1781352721083,4309.5,159.26641265987436,4380.580078125,121954600,5214200000
2022-01-28,166.99203491210938,4431.85009765625,167.01164715968335,4432.72021484375,159.6096019553616,4292.4599609375,162.46257810702824,4336.18994140625,179935700,5031090000
2022-01-31,171.35482788085938,4515.5498046875,171.57051772849903,4516.89013671875,166.1881001011021,4414.02001953125,166.82537099995082,4431.7900390625,115541600,5098610000
2022-02-01,171.18814086914062,4546.5400390625,171.41362933410613,4550.490234375,168.93321134020488,4483.52978515625,170.59989317993646,4519.56982421875,86213900,4816830000
2022-02-02,172.39404296875,4589.3798828125,172.43326746235797,4595.31005859375,169.93323706636977,4544.31982421875,171.32540739423024,4566.39013671875,84914300,4481580000
2022-02-03,169.5116729736328,4477.43994140625,172.7862303680274,4542.8798828125,168.746959829252,4470.39013671875,171.06071151115776,4535.41015625,89418100,4401970000
2022-02-04,169.22698974609375,4500.52978515625,170.90562127726093,4539.66015625,167.54835821492657,4451.5,168.53001022690665,4482.7900390625,82465400,4706290000
2022-02-07,168.51039123535156,4483.8701171875,170.75836779564654,4521.85986328125,167.81341170266444,4471.47021484375,169.68837067678015,4505.75,77251200,4228480000
2022-02-08,171.6222381591797,4521.5400390625,172.1327014444133,4531.31982421875,168.28461203735645,4465.39990234375,168.57911066263827,4480.02001953125,74829200,4459620000
2022-02-09,173.04563903808594,4587.18017578125,173.40884553875563,4590.02978515625,171.69095428385612,4547.0,172.8198632386553,4547.0,71285000,4524350000
2022-02-10,168.9619140625,4504.080078125,172.26026492516206,4588.919921875,168.4023802889261,4484.31005859375,170.9448550221314,4553.240234375,90865900,5314860000
2022-02-11,165.54579162597656,4418.64013671875,169.90432887481495,4526.330078125,164.95679443820137,4401.41015625,169.16808987950634,4506.27001953125,98670700,5251500000
2022-02-14,165.7814178466797,4401.669921875,166.46857134746543,4426.22021484375,163.50397769684932,4364.83984375,164.2991135319602,4412.60986328125,86185500,4600390000
2022-02-15,169.61965942382812,4471.06982421875,169.77672735442647,4472.77001953125,167.1262696855739,4429.27978515625,167.83306039444423,4429.27978515625,62527400,4430830000
2022-02-16,169.38404846191406,4475.009765625,170.1595469185717,4489.5498046875,166.92991856527323,4429.68017578125,168.69689508661867,4455.75,61177400,4283640000
2022-02-17,165.7814178466797,4380.259765625,168.75582262629885,4456.06005859375,165.37893687521128,4373.81005859375,167.89196395169796,4456.06005859375,69589300,4539420000
2022-02-18,164.23040771484375,4348.8701171875,167.4109510948633,4394.60009765625,163.14077322903105,4327.22021484375,166.70417532727691,4384.56982421875,82772700,4708060000
2022-02-22,161.30503845214844,4304.759765625,163.63154853290226,4362.1201171875,159.1748407659244,4267.10986328125,161.9529172863156,4332.740234375,91162800,5121900000
2022-02-23,157.133056640625,4225.5,163.10148814384206,4341.509765625,156.8189207831809,4221.509765625,162.50267977205857,4324.93017578125,90009200,4797430000
2022-02-24,159.75405883789062,4288.7001953125,159.86204116175165,4294.72998046875,149.21111050582687,4114.64990234375,149.7804704881103,4155.77001953125,141147500,6752130000
2022-02-25,161.82533264160156,4384.64990234375,162.090367887761,4385.33984375,157.91834703084373,4286.830078125,160.83385456915977,4298.3798828125,91974200,5177060000
2022-02-28,162.09034729003906,4373.93994140625,162.3848458382796,4388.83984375,159.4497014395523,4315.1201171875,160.0681468929756,4354.169921875,95056600,6071370000
2022-03-01,160.20559692382812,4306.259765625,163.54322257611173,4378.4501953125,158.99816920673908,4279.5400390625,161.67807486426554,4363.14013671875,83474400,5846230000
2022-03-02,163.50396728515625,4386.5400390625,164.28929194125575,4401.47998046875,159.96020269374122,4322.56005859375,161.37378407895594,4322.56005859375,79724800,5337870000
2022-03-03,163.1800079345703,4363.490234375,165.81084308627598,4416.77978515625,162.51249176371445,4345.56005859375,165.3789138092183,4401.31005859375,76678400,5039890000
2022-03-04,160.1761474609375,4328.8701171875,162.51248390357455,4342.1201171875,159.1257876596409,4284.97998046875,161.4719352294381,4342.1201171875,83737200,5797380000
2022-03-07,156.37716674804688,4201.08984375,161.99221739182056,4327.009765625,156.121927641353,4199.85009765625,160.3626714753167,4327.009765625,96418800,6940470000
2022-03-08,154.55126953125,4170.7001953125,159.89145798739116,4276.93994140625,152.94136109775025,4157.8701171875,155.90595387633803,4202.66015625,131148300,7243120000
2022-03-09,159.96017456054688,4277.8798828125,160.4117410265014,4299.39990234375,156.4851334154229,4223.10009765625,158.51714506516998,4223.10009765625,91454900,5662670000
2022-03-10,155.61146545410156,4259.52001953125,157.4471497383223,4268.27978515625,153.11806120676204,4209.7998046875,157.26063347822767,4252.5498046875,105342000,4980830000
2022-03-11,151.89102172851562,4204.31005859375,156.35754167605256,4291.009765625,151.66524594480387,4200.490234375,156.01395745746433,4279.5,96970100,4938640000
2022-03-14,147.8564453125,4173.10986328125,151.29222791354923,4247.56982421875,147.34599696795414,4161.72021484375,148.67121841249335,4202.75,108732100,5574920000
2022-03-15,152.24441528320312,4262.4501953125,152.7156190595178,4271.0498046875,147.6208424416319,4187.89990234375,148.1312907310734,4188.81982421875,92964300,5392470000
2022-03-16,156.6618194580078,4357.85986328125,157.06430032250074,4358.89990234375,151.6259555145145,4251.990234375,154.16843028106842,4288.14013671875,102300200,6309750000
2022-03-17,157.67295837402344,4411.669921875,158.04599097202535,4412.669921875,154.73782812813226,4335.64990234375,155.69984300954386,4345.10986328125,75615400,4985090000
2022-03-18,160.9713134765625,4463.1201171875,161.4621395458107,4465.39990234375,156.82874025380204,4390.56982421875,157.5649793576743,4407.33984375,123511700,8278430000
2022-03-21,162.34561157226562,4461.18017578125,163.2978152048177,4481.75,160.0190861607253,4424.2998046875,160.50991215775952,4462.39990234375,95811400,4869820000
2022-03-22,165.7224884033203,4511.60986328125,166.31147058252574,4522.0,161.88422570672876,4469.10009765625,162.4732078859342,4469.10009765625,81532000,4754840000
2022-03-23,167.08697509765625,4456.240234375,169.47238200494985,4501.06982421875,164.57393367238456,4455.81005859375,164.9077066995065,4493.10009765625,98062700,4550670000
2022-03-24,170.87615966796875,4520.16015625,170.94486751449384,4520.580078125,167.08698259633016,4465.169921875,167.92137775453384,4469.97998046875,90131400,4131390000
2022-03-25,171.51425170898438,4543.06005859375,172.06397447426608,4546.02978515625,169.5803959233043,4501.06982421875,170.68966756106184,4522.91015625,80546200,4305020000
2022-03-28,172.37811279296875,4575.52001953125,172.5057173789197,4575.64990234375,168.8441592815926,4517.68994140625,169.01103833923784,4541.08984375,90371900,4312260000
2022-03-29,175.6764678955078,4631.60009765625,175.7255385178658,4637.2998046875,173.1045291861119,4589.66015625,173.44811341555265,4602.85986328125,100589400,5085910000
2022-03-30,174.50827026367188,4602.4501953125,176.31450624555694,4627.77001953125,173.45789549385026,4581.31982421875,175.27395758161924,4624.2001953125,92633200,4385570000
2022-03-31,171.40625,4530.41015625,174.76349791877144,4603.06982421875,171.200096496919,4530.41015625,174.57698164903633,4599.02001953125,103049300,4823020000
2022-04-01,171.11175537109375,4545.85986328125,171.67130419323556,4548.7001953125,168.78524495629924,4507.56982421875,170.83689401317795,4540.31982421875,78751300,4562940000
2022-04-04,175.16600036621094,4582.64013671875,175.21508596620356,4583.5,171.23939202795495,4539.2099609375,171.36701159217134,4547.97021484375,76468400,4547350000
2022-04-05,171.84799194335938,4525.1201171875,175.0285497272662,4593.4501953125,171.21973527998745,4514.169921875,174.2432251533462,4572.4501953125,73401800,4800620000
2022-04-06,168.67726135253906,4481.14990234375,170.44423791053993,4503.93994140625,167.00845598396842,4450.0400390625,169.19753570311426,4494.169921875,89058800,4986830000
2022-04-07,168.9815673828125,4500.2099609375,170.1791839693951,4521.16015625,166.73359099058004,4450.2998046875,168.01955265843017,4474.64990234375,77594700,4821490000
2022-04-08,166.96917724609375,4488.27978515625,168.6281714448174,4520.41015625,166.09550760626425,4474.60009765625,168.6281714448174,4494.14990234375,76575500,4083200000
2022-04-11,162.70883178710938,4412.52978515625,165.92864940184566,4464.35009765625,162.46341876782265,4408.3798828125,165.61452852614607,4462.64013671875,72246700,4266290000
2022-04-12,164.58375549316406,4397.4501953125,166.7531977294746,4471.0,163.58246639550293,4381.33984375,164.93715076417277,4437.58984375,79265200,4152090000
2022-04-13,167.2735137939453,4446.58984375,167.90177054609936,4453.919921875,163.71012681510052,4392.7001953125,164.31874633095592,4394.2998046875,70618900,3828150000
2022-04-14,162.25729370117188,4392.58984375,168.12758493692257,4460.4599609375,162.01188063883922,4390.77001953125,167.4895019875629,4449.1201171875,75329400,4083090000
2022-04-18,162.04132080078125,4391.68994140625,163.54324732904448,4410.31005859375,160.5688426374783,4370.2998046875,160.91241188828883,4385.6298828125,69023900,3910490000
2022-04-19,164.32855224609375,4462.2099609375,164.7408593011716,4471.02978515625,160.9025960723887,4390.6298828125,161.9922304806441,4390.6298828125,67723800,4108120000
2022-04-20,164.16163635253906,4459.4501953125,165.7813709088185,4488.2900390625,163.0523799363438,4448.759765625,165.66356250002266,4472.259765625,67929800,4290450000
2022-04-21,163.3665313720703,4393.66015625,168.38277391627963,4512.93994140625,162.86589422198446,4384.47021484375,165.81085035411152,4489.169921875,87227800,4636890000
2022-04-22,158.8214569091797,4271.77978515625,164.78990235630212,4385.830078125,158.53678444420197,4267.6201171875,163.40578453855588,4385.830078125,84882400,4651940000
2022-04-25,159.89149475097656,4296.1201171875,160.1761672620124,4299.02001953125,155.55259437743032,4200.81982421875,158.16377751272768,4255.33984375,96046400,5240040000
2022-04-26,153.92303466796875,4175.2001953125,159.36138008917553,4278.14013671875,153.84450071149385,4175.0400390625,159.27303500519898,4278.14013671875,95623200,4689970000
2022-04-27,153.697265625,4183.9599609375,156.85817138310125,4240.7099609375,152.52909731194325,4162.89990234375,153.0493716898695,4186.52001953125,88063200,4769680000
2022-04-28,160.63754272460938,4287.5,161.50140133184425,4308.4501953125,156.01395492484127,4188.6298828125,156.3280907743164,4222.580078125,130216800,4854180000
2022-04-29,154.75741577148438,4131.93017578125,163.1505424974972,4269.68017578125,154.36476100370217,4124.27978515625,158.87053962186658,4253.75,131747600,5084030000
2022-05-02,155.06175231933594,4155.3798828125,155.326787567421,4169.81005859375,150.45780216717014,4062.510009765625,153.83468735250372,4130.60986328125,123055300,5163790000
2022-05-03,156.55386352539062,4175.47998046875,157.76130632227486,4200.10009765625,153.4518544553603,4147.080078125,155.24826451156082,4159.77978515625,88966500,4582050000
2022-05-04,162.97386169433594,4300.169921875,163.42541320530594,4307.66015625,156.33788489489382,4148.91015625,156.74036579119067,4181.18017578125,108256500,5136360000
2022-05-05,153.89358520507812,4146.8701171875,161.06945878722854,4270.43017578125,152.10697141040896,4106.009765625,160.84368302574217,4270.43017578125,130525300,5077030000
2022-05-06,154.6210479736328,4123.33984375,156.74453495515866,4157.68994140625,151.5734500834341,4067.909912109375,153.3725141927135,4128.169921875,116124600,5116940000
2022-05-09,149.48931884765625,3991.239990234375,153.19558860822082,4081.27001953125,148.92896288962842,3975.47998046875,152.31079472594658,4081.27001953125,131577900,5954520000
2022-05-10,151.8978729248047,4001.050048828125,154.0901836973431,4068.820068359375,150.34458235534652,3958.169921875,152.89080762473395,4035.179931640625,115366700,5885820000
2022-05-11,144.0233154296875,3935.179931640625,152.82200644382692,4049.090087890625,143.34497796029567,3928.820068359375,150.90497555260774,3990.080078125,142689800,5816140000
2022-05-12,140.14991760253906,3930.080078125,143.7283801675573,3964.800048828125,136.45348852465227,3858.8701171875,140.3563740008872,3903.949951171875,182602000,6286450000
2022-05-13,144.62298583984375,4023.889892578125,145.59625448116793,4038.8798828125,140.69060910842344,3963.89990234375,142.14558429881745,3963.89990234375,113990900,5183340000
2022-05-16,143.07952880859375,4008.010009765625,145.02606620057162,4046.4599609375,141.7425200447831,3983.989990234375,143.08936935150413,4013.02001953125,86643800,4415030000
2022-05-17,146.717041015625,4088.85009765625,147.23807994472025,4090.719970703125,144.20030628161507,4033.929931640625,146.34346027369523,4052.0,78336300,4841410000
2022-05-18,138.43934631347656,3923.679931640625,144.86877642522347,4051.97998046875,137.5348863581385,3911.909912109375,144.36740373329286,4051.97998046875,109742900,5103220000
2022-05-19,135.02801513671875,3900.7900390625,139.26514939022877,3945.9599609375,134.29069437332384,3876.580078125,137.5152426451712,3899.0,136095600,5113550000
2022-05-20,135.26393127441406,3901.360107421875,138.3213549245238,3943.419921875,130.36812621760984,3810.320068359375,136.73857261689477,3927.760009765625,137426100,5130730000
2022-05-23,140.690673828125,3973.75,140.8381320230554,3981.8798828125,135.32297052015298,3909.0400390625,135.4606031690326,3919.419921875,117726300,4420030000
2022-05-24,137.98709106445312,3941.47998046875,139.56987319517663,3955.679931640625,135.00831708564206,3875.1298828125,138.42948041758655,3942.93994140625,104132700,4923190000
2022-05-25,138.1444091796875,3978.72998046875,139.39292808535322,3999.330078125,136.00125589921703,3925.030029296875,136.08973078213927,3929.590087890625,92482700,4802560000
2022-05-26,141.3493194580078,4057.840087890625,141.89984995235616,4075.139892578125,134.8215728806199,3984.60009765625,135.06734649422762,3984.60009765625,90601500,4709970000
2022-05-27,147.1102294921875,4158.240234375,147.1495466635664,4158.490234375,142.80427168601537,4077.429931640625,142.93207874444667,4077.429931640625,90978500,4375620000
2022-05-31,146.32376098632812,4132.14990234375,148.11299992246586,4168.33984375,144.35757226573517,4104.8798828125,146.54988348979353,4151.08984375,103718400,6822640000
2022-06-01,146.1959686279297,4101.22998046875,149.17474333360954,4166.5400390625,145.18336763808455,4073.85009765625,147.36583831364814,4149.77978515625,74286600,4531800000
2022-06-02,148.65367126464844,4176.81982421875,148.712654512819,4177.509765625,144.37720576236944,4074.3701171875,145.33080827666313,4095.409912109375,72348100,4405790000
2022-06-03,142.92230224609375,4108.5400390625,145.46851374002418,4142.669921875,142.01785698573045,4098.669921875,144.41659528451996,4137.56982421875,88570300,3711110000
2022-06-06,143.66940307617188,4121.43017578125,146.05833007006927,4168.77978515625,142.45036072118282,4109.18017578125,144.54435641942476,4134.72021484375,71598400,4332700000
2022-06-07,146.1959686279297,4160.68017578125,146.48105939148104,4164.85986328125,141.66390303598558,4080.18994140625,141.9096766255686,4096.47021484375,67808200,4248210000
2022-06-08,145.4586181640625,4115.77001953125,147.3363166045176,4160.14013671875,144.96707108524492,4107.2001953125,146.06813174153186,4147.1201171875,53950200,4159470000
2022-06-09,140.2285614013672,4017.820068359375,145.4487894010345,4119.10009765625,140.12042043523653,4017.169921875,144.5935022148915,4101.64990234375,69473000,4134170000
2022-06-10,134.8117218017578,3900.860107421875,138.38034379484614,3974.389892578125,134.7428980025847,3900.159912109375,137.9084627463307,3974.389892578125,91437900,4889640000
2022-06-13,129.6504669189453,3749.6298828125,132.9143318379119,3838.14990234375,129.21790307407372,3734.300048828125,130.62372056907952,3838.14990234375,122207100,5636890000
2022-06-14,130.515625,3735.47998046875,131.62652662425197,3778.179931640625,129.2572651959058,3705.679931640625,130.87938017833108,3763.52001953125,84784300,5153890000
2022-06-15,133.14047241210938,3789.989990234375,135.0181863871141,3837.56005859375,129.9257644034857,3722.300048828125,132.0197453538818,3764.050048828125,91533000,5530480000
2022-06-16,127.8612289428711,3666.77001953125,130.15184022343473,3728.179931640625,126.85846866106286,3639.77001953125,129.84708342230354,3728.179931640625,108123900,5644930000
2022-06-17,129.3358917236328,3674.840087890625,130.8301993524765,3707.7099609375,127.61547659200777,3636.8701171875,127.87109072638007,3665.89990234375,134520300,8520740000
2022-06-21,133.572998046875,3764.7900390625,134.74288249152107,3779.64990234375,131.06611995214928,3715.31005859375,131.16442036715884,3715.31005859375,81000500,5292260000
2022-06-22,133.0618133544922,3759.889892578125,135.4310591073431,3801.7900390625,131.64615522779903,3717.68994140625,132.5112679712454,3733.889892578125,73409200,5058990000
2022-06-23,135.93243408203125,3795.72998046875,136.2470164136777,3802.580078125,133.33706609243566,3743.52001953125,134.50695054622625,3774.7099609375,72433800,5098640000
2022-06-24,139.26515197753906,3911.739990234375,139.51092556990343,3913.64990234375,137.4071042192977,3821.75,137.53489628676303,3821.75,89116800,8120260000
2022-06-27,139.26515197753906,3900.110107421875,141.06421647374572,3927.719970703125,138.5868144624807,3889.659912109375,140.28756352140977,3920.760009765625,70207900,4325310000
2022-06-28,135.11647033691406,3821.550048828125,140.99536950005523,3945.860107421875,134.99850383222812,3820.139892578125,139.72718457219997,3913.0,67083400,4270120000
2022-06-29,136.876220703125,3818.830078125,138.29187895229046,3836.5,134.35950159386607,3799.02001953125,135.1361545226192,3825.090087890625,66242400,4211240000
2022-06-30,134.40866088867188,3785.3798828125,136.0307605677301,3818.989990234375,131.50853555295868,3738.669921875,134.9296996947126,3785.989990234375,98964500,4840070000
2022-07-01,136.58131408691406,3825.330078125,136.6894550838494,3829.820068359375,133.36660581596968,3752.10009765625,133.7401715319748,3781.0,71051600,4046950000
2022-07-05,139.16683959960938,3831.389892578125,139.2159973193288,3832.18994140625,134.61510776869383,3742.06005859375,135.44091845782265,3792.610107421875,73353800,5076590000
2022-07-06,140.50384521484375,3845.080078125,141.68355545577728,3870.909912109375,138.69495517869038,3809.3701171875,138.96039485817002,3831.97998046875,74064300,4417720000
2022-07-07,143.87583923339844,3902.6201171875,144.07245506921953,3910.6298828125,140.85773290060996,3858.85009765625,140.86755844211166,3858.85009765625,66253700,4057770000
2022-07-08,144.5541534423828,3899.3798828125,145.05554104632404,3918.5,142.54864802909546,3869.340087890625,142.80424710112618,3888.260009765625,64547800,3521620000
2022-07-11,142.42086791992188,3854.429931640625,144.1609490492264,3880.93994140625,141.34929872199137,3847.219970703125,143.20734636825597,3880.93994140625,63141600,3423480000
2022-07-12,143.39413452148438,3818.800048828125,145.94034514627222,3873.409912109375,142.597830542374,3802.360107421875,143.2958190916168,3851.949951171875,77588800,3817210000
2022-07-13,143.03042602539062,3801.780029296875,143.9741883569345,3829.43994140625,139.71738731766604,3759.070068359375,140.57268974411542,3779.669921875,71185600,4109390000
2022-07-14,145.9600067138672,3790.3798828125,146.4318877608006,3796.409912109375,140.82825345087886,3721.56005859375,141.64422349086814,3763.989990234375,78140700,4199690000
2022-07-15,147.6312713623047,3863.159912109375,148.30960883923063,3863.6201171875,145.69457436327764,3817.179931640625,147.24786517980246,3818.0,76259900,4143800000
2022-07-18,144.5836944580078,3830.85009765625,149.00761906982018,3902.43994140625,144.219939344917,3818.6298828125,148.1916489524308,3883.7900390625,81420900,4046870000
2022-07-19,148.4472198486328,3936.68994140625,148.67332730777346,3939.81005859375,144.42636828869274,3860.72998046875,145.41928800129,3860.72998046875,82982400,4041070000
2022-07-20,150.45274353027344,3959.89990234375,151.1212554478555,3974.1298828125,147.8278835762641,3922.030029296875,148.56520429371037,3935.320068359375,64823400,4185300000
2022-07-21,152.72369384765625,3998.949951171875,152.93997577721333,3999.2900390625,149.3713389403487,3927.639892578125,151.88805775611044,3955.469970703125,65086600,4132790000
2022-07-22,151.4849853515625,3961.6298828125,153.6379641019081,4012.43994140625,150.8164884797473,3938.860107421875,152.76301084272214,3998.429931640625,66675400,3979240000
2022-07-25,150.36428833007812,3966.840087890625,152.41895206482627,3975.300048828125,149.70561686969222,3943.4599609375,151.40636601369852,3965.719970703125,53623900,3568340000
2022-07-26,149.037109375,3921.050048828125,150.50191035513055,3953.219970703125,148.25063089528444,3910.739990234375,149.68594024499822,3953.219970703125,55138700,3778950000
2022-07-27,154.1393585205078,4023.610107421875,154.6702378768067,4039.56005859375,149.58764182197348,3951.429931640625,150.00053965418954,3951.429931640625,78620700,4112180000
2022-07-28,154.68988037109375,4072.429931640625,154.97497109241723,4078.949951171875,151.79958098557822,3992.969970703125,154.32612531182656,4026.1298828125,81378700,4413000000
2022-07-29,159.7626495361328,4130.2900390625,160.86372535437394,4140.14990234375,156.8035410889223,4079.219970703125,158.51413057382698,4087.330078125,101786900,4616360000
2022-08-01,158.77955627441406,4118.6298828125,160.82439423501998,4144.9501953125,158.17004260375904,4096.02001953125,158.28800912044616,4112.3798828125,67829400,4202810000
2022-08-02,157.304931640625,4091.18994140625,159.66436723257505,4140.47021484375,156.9313659642097,4079.81005859375,157.39342153843546,4104.2099609375,59907000,4727710000
2022-08-03,163.32147216796875,4155.169921875,163.77368717681702,4167.66015625,158.0324196674791,4107.9599609375,158.1208945604064,4107.9599609375,82507500,4351760000
2022-08-04,163.00685119628906,4151.93994140625,164.36352602829535,4161.2900390625,161.65017636428277,4135.419921875,163.2034670413035,4154.85009765625,55474100,4283320000
2022-08-05,162.7804412841797,4145.18994140625,163.2726712063917,4151.580078125,160.46695464111716,4107.31005859375,160.67369781797885,4115.8701171875,56697000,4085940000
2022-08-08,162.3079071044922,4140.06005859375,165.20222176015508,4186.6201171875,161.64832074077538,4128.97021484375,163.78459702908208,4155.93017578125,60276900,4221090000
2022-08-09,162.35711669921875,4122.47021484375,163.24313957743516,4137.2998046875,160.71307055191537,4112.08984375,161.47110884266755,4133.10986328125,63135500,3913090000
2022-08-10,166.61000061035156,4210.240234375,166.70843758837208,4211.02978515625,164.30635300401312,4177.259765625,165.07423053223724,4181.02001953125,70170500,4546010000
2022-08-11,165.87164306640625,4207.27001953125,168.33279265478845,4257.91015625,165.57630211146738,4201.41015625,167.4172371966445,4227.39990234375,57149200,4630200000
2022-08-12,169.42555236816406,4280.14990234375,169.4944567489093,4280.47021484375,166.76749865896252,4219.77978515625,167.18098503009688,4225.02001953125,68039400,3788010000
2022-08-15,170.49859619140625,4297.14013671875,170.6954851482581,4301.7900390625,168.68719375370597,4256.89990234375,168.85455011811328,4269.3701171875,54091700,3696830000
2022-08-16,170.3411102294922,4305.2001953125,171.01055083145,4325.27978515625,168.99240485518098,4277.77001953125,170.0949952329147,4290.4599609375,56377100,4329820000
2022-08-17,171.83749389648438,4274.0400390625,173.41262086416253,4302.18017578125,169.8882673264615,4253.080078125,170.08515631971287,4280.39990234375,79542000,3885030000
2022-08-18,171.44369506835938,4283.740234375,172.18204003423804,4292.52978515625,170.4297025169527,4261.97998046875,171.04991709522415,4273.1298828125,62290100,3340330000
2022-08-19,168.85455322265625,4228.47998046875,171.04005523372263,4266.31005859375,168.6478100500787,4218.7001953125,170.34108214913311,4266.31005859375,70346300,3761340000
2022-08-22,164.96595764160156,4137.990234375,167.22036427123675,4195.080078125,164.54263206053483,4129.85986328125,167.0530078857762,4195.080078125,69026800,3907430000
2022-08-23,164.63119506835938,4128.72998046875,166.08820627220155,4159.77001953125,164.0602066271234,4124.02978515625,164.48353211875664,4133.08984375,54147100,3823520000
2022-08-24,164.92654418945312,4140.77001953125,165.49753265907893,4156.56005859375,163.6664368846458,4119.97021484375,164.71981604973067,4126.5498046875,53841500,3583630000
2022-08-25,167.38771057128906,4199.1201171875,167.49600175790545,4200.5400390625,165.73382519932846,4147.58984375,166.15713573322356,4153.259765625,51218200,3566870000
2022-08-26,161.07733154296875,4057.659912109375,168.3918767523516,4203.0400390625,161.01826634968077,4057.659912109375,167.91934018438116,4198.740234375,78961000,3832750000
2022-08-29,158.87213134765625,4030.610107421875,160.36849946589015,4062.989990234375,157.33637642429446,4017.419921875,158.64569477233294,4034.580078125,73314000,3396510000
2022-08-30,156.4405059814453,3986.159912109375,160.03377814075716,4044.97998046875,155.26899644924123,3965.2099609375,159.61046764917498,4041.25,77906200,3835860000
2022-08-31,154.77679443359375,3955.0,158.0845804641707,4015.3701171875,154.69803583504827,3954.530029296875,157.81877207178803,4000.669921875,87991100,4542490000
2022-09-01,155.50527954101562,3966.85009765625,155.95812264539694,3970.22998046875,152.26639832599292,3903.64990234375,154.20578537018633,3936.72998046875,74229900,4152250000
2022-09-02,153.388671875,3924.260009765625,157.86796676025835,4018.429931640625,152.56172928679763,3906.2099609375,157.26744570942157,3994.659912109375,76957800,3665850000
2022-09-06,152.1285858154297,3908.18994140625,154.64880073393257,3942.550048828125,151.30164311185825,3886.75,154.03844040820118,3930.889892578125,73714800,4127340000
2022-09-07,153.53636169433594,3979.8701171875,154.2353197614945,3987.889892578125,151.22287508520006,3906.030029296875,152.41407808901712,3909.429931640625,87449600,3890320000
2022-09-08,152.05970764160156,4006.179931640625,153.9301757489573,4010.5,150.3073549129713,3944.81005859375,152.2369032421924,3959.93994140625,84923800,3966850000
2022-09-09,154.9244384765625,4067.360107421875,155.36745741692656,4076.81005859375,152.34515853161906,4022.93994140625,153.05397081020374,4022.93994140625,68028800,3901940000
2022-09-12,160.8902587890625,4110.41015625,161.70736223015916,4119.27978515625,156.82445000741808,4083.669921875,157.10993674145692,4083.669921875,104956000,3814200000
2022-09-13,151.44932556152344,3932.68994140625,158.04520467768552,4037.1201171875,150.98662815133733,3921.280029296875,157.4151508670422,4037.1201171875,122656600,4224550000
2022-09-14,152.89645385742188,3946.010009765625,154.6586453659871,3961.93994140625,151.22287515005883,3912.179931640625,152.3845305395428,3940.72998046875,87965400,4293240000
2022-09-15,150.0021514892578,3901.35009765625,152.82756164210238,3959.139892578125,149.0275457934619,3888.280029296875,152.24671887947383,3932.409912109375,90481100,4441830000
2022-09-16,148.3581085205078,3873.330078125,148.99801648832616,3880.949951171875,146.06431507986616,3837.080078125,148.8601926989242,3880.949951171875,162278800,7954650000
2022-09-19,152.079345703125,3899.889892578125,152.15810428972742,3900.449951171875,146.78296219367604,3838.5,146.989690339551,3849.909912109375,81474200,3766850000
2022-09-20,154.46176147460938,3855.929931640625,155.62343203686572,3876.010009765625,150.70113224453698,3827.5400390625,151.01615161997927,3875.22998046875,107689800,4058050000
2022-09-21,151.33119201660156,3789.929931640625,156.2731854100913,3907.070068359375,151.21306162383578,3789.489990234375,154.8949324005984,3871.39990234375,101696800,4078330000
2022-09-22,150.3664093017578,3757.989990234375,152.06952070873675,3790.89990234375,148.5648458969192,3749.449951171875,150.01200313979504,3782.360107421875,86652500,4284600000
2022-09-23,148.09228515625,3693.22998046875,149.11613179254852,3727.139892578125,146.25135007934554,3647.469970703125,148.84048424162157,3727.139892578125,96029900,5144270000
2022-09-26,148.42698669433594,3655.0400390625,151.3803656653833,3715.669921875,147.31454247497618,3644.760009765625,147.33423587418193,3682.719970703125,93339400,4886140000
2022-09-27,149.40162658691406,3647.2900390625,152.315634453065,3717.530029296875,147.619756600354,3623.2900390625,150.3664080888261,3686.43994140625,84442700,4577740000
2022-09-28,147.51145935058594,3719.0400390625,148.29903022974963,3736.739990234375,142.58916013289422,3640.610107421875,145.34565069913458,3651.93994140625,146691400,4684850000
2022-09-29,140.2658233642578,3640.469970703125,144.43993818318944,3687.010009765625,138.49379277972724,3610.39990234375,143.82957793472042,3687.010009765625,128138200,4681810000
2022-09-30,136.05235290527344,3585.6201171875,140.8762153477741,3671.43994140625,135.85546393289223,3584.1298828125,139.0844911492741,3633.47998046875,124925300,5645360000
2022-10-03,140.23629760742188,3678.429931640625,140.84667290730152,3698.35009765625,135.55027429699052,3604.929931640625,136.0621976067289,3609.780029296875,114311700,4806680000
2022-10-04,143.82958984375,3790.929931640625,143.9477202186119,3791.919921875,142.01817230643195,3726.4599609375,142.77621059568105,3726.4599609375,87830100,5146580000
2022-10-05,144.12489318847656,3783.280029296875,145.08967450416395,3806.909912109375,140.7875754267863,3722.659912109375,141.83111532059078,3753.25,79471000,4293180000
2022-10-06,143.16998291015625,3744.52001953125,145.24719370943012,3797.929931640625,142.96325476225735,3739.219970703125,143.54408244476417,3771.969970703125,68402200,4252100000
2022-10-07,137.9129638671875,3639.659912109375,140.87619735207727,3706.739990234375,137.28291022305208,3620.72998046875,140.32488726950297,3706.739990234375,85925600,4449660000
2022-10-10,138.23785400390625,3612.389892578125,139.68501122355408,3652.169921875,136.41661224606074,3588.10009765625,138.23785400390625,3647.510009765625,74899000,3834320000
2022-10-11,136.8202362060547,3588.840087890625,139.15341644364526,3640.659912109375,136.0720520706598,3568.449951171875,137.72593753469053,3595.860107421875,77033700,4759030000
2022-10-12,136.19017028808594,3577.030029296875,138.17878336551573,3608.340087890625,136.01297472776957,3573.860107421875,136.9679019716922,3590.830078125,70433700,4006830000
2022-10-13,140.76792907714844,3669.909912109375,141.35859601492572,3685.409912109375,132.28187436958524,3491.580078125,132.89224973345455,3520.3701171875,113224000,5021680000
2022-10-14,136.22955322265625,3583.070068359375,142.27413585110418,3712.0,136.04250345541635,3579.679931640625,142.0673926816115,3690.409912109375,88598000,4243030000
2022-10-17,140.19691467285156,3677.949951171875,140.6792903298468,3689.72998046875,138.090171437718,3638.64990234375,138.8777422312096,3638.64990234375,85250900,4352780000
2022-10-18,141.51611328125,3719.97998046875,144.42026703642762,3762.7900390625,138.4249097380949,3686.530029296875,143.22907894720203,3746.260009765625,99136600,4483740000
2022-10-19,141.62440490722656,3695.159912109375,142.69746261645687,3728.580078125,139.30107889163025,3666.510009765625,139.488128680181,3703.110107421875,61758300,4223800000
2022-10-20,141.16168212890625,3665.780029296875,143.62283148956203,3736.0,140.43317651035323,3656.43994140625,140.79743683046152,3689.050048828125,64522000,4496620000
2022-10-21,144.98141479492188,3752.75,145.5524033439164,3757.889892578125,140.43319980718348,3647.419921875,140.6497821885837,3657.10009765625,86548600,5078020000
2022-10-24,147.12753295898438,3797.340087890625,147.89541049964913,3810.739990234375,143.73114921809554,3741.64990234375,144.90265893368223,3762.010009765625,75981900,4747930000
2022-10-25,149.97262573242188,3859.110107421875,150.12030373846804,3862.85009765625,147.03893927663933,3799.43994140625,147.75759083673032,3799.43994140625,74732300,4843120000
2022-10-26,147.02911376953125,3830.60009765625,149.6280876881736,3886.14990234375,145.73945849202812,3824.070068359375,148.6140950432804,3825.969970703125,88194300,4817310000
2022-10-27,142.54978942871094,3807.300048828125,146.73374379544853,3859.949951171875,141.8902031311427,3803.7900390625,145.76897734753766,3834.68994140625,109180200,4687320000
2022-10-28,153.3197784423828,3901.06005859375,155.05242232533004,3905.419921875,145.52285843662315,3808.260009765625,145.89694295512044,3808.260009765625,164762400,4459410000
2022-10-31,150.9570770263672,3871.97998046875,151.84309994681692,3893.72998046875,149.55914577499016,3863.179931640625,150.77988145527678,3881.85009765625,97943200,4820620000
2022-11-01,148.30886840820312,3856.10009765625,153.0342786292701,3911.7900390625,146.81250027183614,3843.800048828125,152.67003329657965,3901.7900390625,80379300,4481210000
2022-11-02,142.77622985839844,3759.68994140625,149.80527352264477,3894.43994140625,142.74669726069857,3758.679931640625,146.63531118174276,3852.89990234375,93604600,4899000000
2022-11-03,136.72177124023438,3719.889892578125,140.5808515547038,3750.590087890625,136.59378666921566,3698.14990234375,139.85234595133585,3733.25,97918500,4625290000
2022-11-04,136.45553588867188,3770.550048828125,140.68586767189302,3796.340087890625,132.51116441667403,3708.840087890625,140.11393200286335,3766.97998046875,140814800,5400180000
2022-11-07,136.988037109375,3806.800048828125,137.21483428526327,3813.949951171875,133.78323487446542,3764.699951171875,135.2032111952328,3780.7099609375,83374600,4341620000
2022-11-08,137.55999755859375,3828.110107421875,139.4631501590853,3859.39990234375,135.57795569871462,3786.280029296875,138.45734595671615,3817.02001953125,89908500,4607640000
2022-11-09,132.99436950683594,3748.570068359375,136.62319988243638,3818.199951171875,132.71826464687123,3744.219970703125,136.57389221888846,3810.93994140625,74917800,4645010000
2022-11-10,144.82745361328125,3956.3701171875,144.82745361328125,3958.330078125,137.55995404597397,3859.889892578125,139.27576104009148,3859.889892578125,118854000,5781260000
2022-11-11,147.61813354492188,3992.929931640625,147.9238199974,4001.47998046875,142.36225553469492,3944.820068359375,143.79210256196848,3963.719970703125,93979700,5593310000
2022-11-14,146.2178497314453,3957.25,148.19003547375948,4008.969970703125,145.37966477232854,3956.39990234375,146.898256219997,3977.969970703125,73374100,4561930000
2022-11-15,147.95338439941406,3991.72998046875,151.45401749484597,4028.840087890625,146.49397099909157,3953.169921875,150.10307492440734,4006.409912109375,89868300,5015310000
2022-11-16,146.7207489013672,3958.7900390625,147.78573098764542,3983.090087890625,145.24160962263343,3954.340087890625,147.05603190661645,3976.820068359375,64218300,4165320000
2022-11-17,148.62391662597656,3946.56005859375,149.3733417806034,3954.330078125,144.1174650466656,3906.5400390625,144.3935698429272,3919.260009765625,80389400,4051780000
2022-11-18,149.18594360351562,3965.340087890625,150.57633778787098,3979.889892578125,147.88430918901844,3935.97998046875,150.1917622737492,3966.389892578125,74829600,4037360000
2022-11-21,145.95162963867188,3949.93994140625,148.27880988198416,3962.0,145.66566926933072,3933.340087890625,148.07173876370618,3956.22998046875,58724100,3850690000
2022-11-22,148.09144592285156,4003.580078125,148.32811366985848,4005.8798828125,144.8866435342383,3956.8798828125,146.06996722268715,3965.510009765625,51804100,3887990000
2022-11-23,148.96905517578125,4027.260009765625,149.718480330565,4033.780029296875,147.26310369909984,3998.659912109375,147.37157451526696,4000.300048828125,58301400,3279720000
2022-11-25,146.05023193359375,4026.1201171875,146.80952774156987,4034.02001953125,145.0739944661959,4020.760009765625,146.24744752036312,4023.340087890625,35195900,1706460000
2022-11-28,142.21434020996094,3963.93994140625,144.6006835742159,4012.27001953125,141.3860256630134,3955.77001953125,143.12154400613,4005.360107421875,69246000,3615430000
2022-11-29,139.20672607421875,3957.6298828125,142.7961034526806,3976.77001953125,138.39813776001694,3937.64990234375,142.28333095673383,3964.18994140625,83763800,3546040000
2022-11-30,145.97132873535156,4080.110107421875,146.6517352342591,4080.110107421875,138.595358159877,3938.580078125,139.43352808516767,3957.179931640625,111380900,6579360000
2022-12-01,146.2474365234375,4076.570068359375,147.05603992895004,4100.509765625,144.57108159207246,4050.8701171875,146.14883626075934,4087.139892578125,71250400,4527130000
2022-12-02,145.75439453125,4071.699951171875,145.94175459663157,4080.47998046875,143.62443017730817,4026.6298828125,143.93013162674256,4040.169921875,65447400,4012620000
2022-12-05,144.59083557128906,3998.840087890625,148.82116833526126,4052.449951171875,143.74279490633833,3984.489990234375,145.71498109956457,4052.02001953125,68826400,4280820000
2022-12-06,140.92257690429688,3941.260009765625,145.25152526861334,4001.510009765625,139.94633926052808,3918.389892578125,145.02472805518372,3996.6298828125,64727200,4368380000
2022-12-07,138.97996520996094,3933.919921875,141.37616424281495,3957.570068359375,138.05303527991336,3922.679931640625,140.21258159638873,3933.280029296875,69721100,4118050000
2022-12-08,140.66615295410156,3963.510009765625,141.5240640501762,3974.18994140625,139.13772092261513,3935.830078125,140.38019261979954,3947.7900390625,62128300,4006900000
2022-12-09,140.18299865722656,3934.3798828125,143.54557973820909,3977.02001953125,138.94051172185388,3933.0400390625,140.36048819280174,3954.169921875,76097000,3888260000
2022-12-12,142.4805908203125,3990.56005859375,142.4904463340837,3990.7099609375,139.09828382013,3935.300048828125,140.71547582717935,3939.2900390625,70462700,3904130000
2022-12-13,143.44692993164062,4019.64990234375,147.88434781351052,4100.9599609375,142.23403992363941,3993.030029296875,147.42088296434414,4069.3798828125,93886200,5079360000
2022-12-14,141.21836853027344,3995.320068359375,144.62038597056736,4053.760009765625,139.19687510886934,3965.64990234375,143.3286067000526,4015.5400390625,82291200,4472340000
2022-12-15,134.60166931152344,3895.75,139.82796424282577,3958.3701171875,134.1382044845264,3879.449951171875,139.147557792699,3958.3701171875,98931900,4493900000
2022-12-16,132.63937377929688,3852.360107421875,135.73570542541242,3890.909912109375,131.87022238639204,3827.909912109375,134.7890645018001,3890.909912109375,160156900,7493660000
2022-12-19,130.52911376953125,3817.659912109375,133.31975851229708,3854.860107421875,129.49372825060226,3800.0400390625,133.23101376151752,3853.7900390625,79592600,3969610000
2022-12-20,130.46009826660156,3821.6201171875,131.39688354522443,3838.239990234375,128.0836106828586,3795.6201171875,129.56275008486864,3810.469970703125,77432800,3985370000
2022-12-21,133.56626892089844,3878.43994140625,134.90735575255198,3889.820068359375,130.90382132695478,3839.489990234375,131.13061846159687,3839.489990234375,85928000,3775200000
2022-12-22,130.39105224609375,3822.389892578125,132.68865037286486,3853.260009765625,128.4879002839557,3764.489990234375,132.48157930219233,3853.260009765625,77852100,3956950000
2022-12-23,130.02622985839844,3844.820068359375,130.57843955760072,3845.800048828125,127.8371020889996,3797.010009765625,129.09929998620072,3815.110107421875,63814900,2819280000
2022-12-27,128.22164916992188,3829.25,129.58246208692498,3846.64990234375,126.9298699732108,3813.219970703125,129.55288050582337,3843.340087890625,69007800,3030300000
2022-12-28,124.28717041015625,3783.219970703125,129.20777268194055,3848.320068359375,124.11953639524314,3780.780029296875,127.86668551604973,3829.56005859375,85438400,3083520000
2022-12-29,127.80751037597656,3849.280029296875,128.6654064445158,3858.18994140625,125.95365830174214,3805.449951171875,126.2100370570361,3805.449951171875,75703700,3003680000
2022-12-30,128.123046875,3839.5,128.14277294659772,3839.85009765625,125.657822079017,3800.340087890625,126.62419645842127,3829.06005859375,77034200,2979870000
